{
    "11": "#74c476",
    "12": "#238b45",
    "13": "#bae4b3",
    "14": "#edf8e9",
    "21": "#fff7bc",
    "22": "#ffffe5",
    "26": "#fec44f",
    "27": "#fee391",
    "31": "#fff5eb",
    "32": "#fee6ce",
    "33": "#fdd0a2",
    "34": "#fdae6b",
    "35": "#fd8d3c",
    "36": "#f16913",
    "37": "#d94801",
    "38": "#a63603",
    "39": "#7f2704",
    "41": "#f7fbff",
    "42": "#deebf7",
    "43": "#c6dbef",
    "44": "#9ecae1",
    "45": "#6baed6",
    "46": "#4292c6",
    "47": "#2171b5",
    "48": "#08519c",
    "49": "#08306b",
    "50": "#9e9ac8",
    "51": "#807dba",
    "52": "#6a51a3",
    "61": "#f0f0f0",
    "62": "#d9d9d9"
}
