{
    "11": {"code": "Af", "climate": "equatorial", "precip": "fully humid", "temp": "None"},
    "12": {"code": "Am", "climate": "equatorial", "precip": "monsoonal", "temp": "None"},
    "13": {"code": "As", "climate": "equatorial", "precip": "summer dry", "temp": "None"},
    "14": {"code": "Aw", "climate": "equatorial", "precip": "winter dry", "temp": "None"},
    "21": {"code": "BWk", "climate": "arid", "precip": "desert", "temp": "cold arid"},
    "22": {"code": "BWh", "climate": "arid", "precip": "desert", "temp": "hot arid"},
    "26": {"code": "BSk", "climate": "arid", "precip": "steppe", "temp": "cold arid"},
    "27": {"code": "BSh", "climate": "arid", "precip": "steppe", "temp": "hot arid"},
    "31": {"code": "Cfa", "climate": "warm temperate", "precip": "fully humid", "temp": "hot summer"},
    "32": {"code": "Cfb", "climate": "warm temperate", "precip": "fully humid", "temp": "warm summer"},
    "33": {"code": "Cfc", "climate": "warm temperate", "precip": "fully humid", "temp": "cool summer"},
    "34": {"code": "Csa", "climate": "warm temperate", "precip": "fully humid", "temp": "hot summer"},
    "35": {"code": "Csb", "climate": "warm temperate", "precip": "summer dry", "temp": "warm summer"},
    "36": {"code": "Csc", "climate": "warm temperate", "precip": "summer dry", "temp": "cool summer"},
    "37": {"code": "Cwa", "climate": "warm temperate", "precip": "winter dry", "temp": "hot summer"},
    "38": {"code": "Cwb", "climate": "warm temperate", "precip": "winter dry", "temp": "warm summer"},
    "39": {"code": "Cwc", "climate": "warm temperate", "precip": "winter dry", "temp": "cool summer"},
    "41": {"code": "Dfa", "climate": "snow", "precip": "fully humid", "temp": "hot summer"},
    "42": {"code": "Dfb", "climate": "snow", "precip": "fully humid", "temp": "warm summer"},
    "43": {"code": "Dfc", "climate": "snow", "precip": "fully humid", "temp": "cool summer"},
    "44": {"code": "Dfd", "climate": "snow", "precip": "fully humid", "temp": "extremely continental"},
    "45": {"code": "Dsa", "climate": "snow", "precip": "summer dry", "temp": "hot summer"},
    "46": {"code": "Dsb", "climate": "snow", "precip": "summer dry", "temp": "warm summer"},
    "47": {"code": "Dsc", "climate": "snow", "precip": "summer dry", "temp": "cool summer"},
    "48": {"code": "Dsd", "climate": "snow", "precip": "summer dry", "temp": "extremely continental"},
    "49": {"code": "Dwa", "climate": "snow", "precip": "winter dry", "temp": "hot summer"},
    "50": {"code": "Dwb", "climate": "snow", "precip": "winter dry", "temp": "warm summer"},
    "51": {"code": "Dwc", "climate": "snow", "precip": "winter dry", "temp": "cool summer"},
    "52": {"code": "Dwd", "climate": "snow", "precip": "winter dry", "temp": "extremely continental"},
    "61": {"code": "EF", "climate": "polar", "precip": "None", "temp": "polar frost"},
    "62": {"code": "ET", "climate": "polar", "precip": "None", "temp": "polar tundra"}
}
